INSERT INTO characters(character_id, name, age, history, weight, image) VALUES
(1, 'Pinocchio', 12, 'Pinocho es una marioneta, creado a partir de un tronco de pino, por el anciano Geppetto. Mientras Geppetto duerme, aparece el Hada Azul, quien beneficia a Geppetto por ser una buena persona dando vida al muñeco de madera.', 152, 'https://static.wikia.nocookie.net/disney/images/3/3d/Pinocchio4.png/revision/latest/scale-to-width-down/274?cb=20221116203133&path-prefix=es'),
(2, 'El Hada Azul', 500, 'Aparece por primera vez vista por Geppetto como una estrella azul brillante en el cielo nocturno, el carpintero le pide que Pinocho sea un niño de verdad. Enseguida, ella aparece físicamente en el taller de Geppetto y le da vida a Pinocho, a quien le dice que puede convertirle en un niño de verdad si es bueno', 160, 'https://static.wikia.nocookie.net/disney/images/7/79/HadaAzul.png/revision/latest?cb=20130317120726&path-prefix=es'),
(3, 'Geppetto', 60, 'Geppetto pide a la estrella azul el deseo de tener un hijo y, entonces, el Hada Azul convierte a Pinocho en una marioneta viva. Gepetto, lleno de felicidad, empieza a cantar y bailar. Al día siguiente, Geppetto envía a Pinocho a la escuela, y como cae la noche y no vuelve, va en su búsqueda por el mar,' ,155,'https://static.wikia.nocookie.net/disney/images/c/c8/Geppetto.png/revision/latest/scale-to-width-down/350?cb=20140310153823&path-prefix=es'),
(4, 'Pepito Grillo', 2, 'ayuda a Pinocho a distinguir entre el bien y el mal. Pero Pepito no puede hacer mucho con su tamaño, y Pinocho hace caso de lo que le dice el Honrado Juan y Polilla, lo que le mete en varios líos, como que el titiriteo Strómboli le secuestre o que el Cochero casi le convierta en burro. Pinocho aprende que debe hacer caso de su conciencia.', 25, 'https://static.wikia.nocookie.net/disney/images/b/bb/Jiminyumbrella.png/revision/latest/scale-to-width-down/350?cb=20221116203317&path-prefix=es'),
(5, 'Ariel', 16, 'Es la séptima y más joven hija del rey Tritón, gobernante del reino submarino de Atlantica. Vivió gran parte de su vida joven con una admiración de largo plazo, pero prohibida, hacia el mundo humano, y anhelaba algún día experimentar la vida en la superficie.', 150, 'https://static.wikia.nocookie.net/disney/images/a/a0/Ariel-1.png/revision/latest/scale-to-width-down/234?cb=20170929163212&path-prefix=es'),
(6, 'Ursula', 500, 'Úrsula convierte a Ariel en humana a cambio de su voz. Si en tres días no logra besar al humano del que está enamorada, Ariel pasará a ser propiedad de Úrsula. Ella hace todo lo posible para conseguir que Ariel no bese al humano y así, para cuando pase a ser de su propiedad, pueda intercambiarla con Tritón (quien la desterró) por su tridente.', 178, 'https://static.wikia.nocookie.net/disney/images/a/a4/Ursula.png/revision/latest/scale-to-width-down/350?cb=20180924212517&path-prefix=es'),
(7, 'Aladdin', 18, 'Aladdín vive en una guarida en el bazar de Ágrabah con su mono Abú, y sueña con vivir lleno de lujos. Cuando conoce a Jasmín él no sabe que ella es la princesa, aunque él se enamora de ella. Cuando lo descubre, piensa que nunca conseguirá gustarle, pero un anciano (el cual es en realidad el Gran Visir Jafar), le ofrece el trato de conseguir todo tipo de fortunas con la ayuda de la Lámpara de la Cueva de las Maravillas, cuando Aladdín consigue la lámpara, el anciano le traiciona y le arroja a la cueva, pero Abú consiguió quitarle la Lámpara al anciano. Cuando Aladdín frota la lámpara, de ella aparece un Genio, el cual le concede tres deseos. Así que Aladdín desea que le convierta en príncipe.', 160, 'https://static.wikia.nocookie.net/disney/images/e/eb/Aladdin_M1.png/revision/latest/scale-to-width-down/150?cb=20120102114027&path-prefix=es');

INSERT INTO genre(name, image) VALUES
('Animacion', 'no disponible'),
('Cuentos', 'no disponible'),
('Suspenso', 'no disponible');

INSERT INTO movie_serie(movie_id, img, title, creation_date, name_genre, qualification) VALUES
(1, 'https://static.wikia.nocookie.net/disney/images/2/26/PinochoDisney.jpg/revision/latest/scale-to-width-down/327?cb=20160201132010&path-prefix=es', 'Pinocho', '1940-1-1', 'Animacion', 8.5),
(2, 'https://static.wikia.nocookie.net/disney/images/1/1a/Lion_king_ver5_xlg.jpg/revision/latest/scale-to-width-down/336?cb=20160923051934&path-prefix=es', 'El Rey León', '1994-1-1', 'Animacion', 9),
(3, 'https://static.wikia.nocookie.net/disney/images/0/0c/Movie_Poster.jpg/revision/latest/scale-to-width-down/350?cb=20210414173906&path-prefix=es', 'Mickey Christmas Carol', '1983-1-1', 'Animacion', 7),
(4, 'https://static.wikia.nocookie.net/disney/images/d/de/Aladdin_ver2_xlg.jpg/revision/latest/scale-to-width-down/336?cb=20160923054445&path-prefix=es', 'Aladdín', '1992-1-1', 'Animacion', 7.56),
(5, 'https://static.wikia.nocookie.net/disney/images/a/a8/Little_mermaid_ver1_xlg.jpg/revision/latest/scale-to-width-down/338?cb=20160923062202&path-prefix=es', 'La Sirenita', '1989-1-1', 'Animacion', 6.7);

INSERT INTO character_movie (id, fk_character_id, fk_movie_id) VALUES
(1, 1, 1), (2, 2, 1), (3, 3, 1), (4, 4, 1), (5,4,3), (6, 5, 5), (7, 6, 5), (8, 7,4);
